{"cameraMode":{"drawMode":0,"name":"Shaded","section":"Shading Mode"},"sceneLighting":true,"audioPlay":false,"sceneViewState":{"m_AlwaysRefresh":false,"showFog":true,"showSkybox":true,"showFlares":true,"showImageEffects":true,"showParticleSystems":true,"showVisualEffectGraphs":true,"m_FxEnabled":true},"in2DMode":false,"pivot":{"x":0.7286481857299805,"y":0.2983894348144531,"z":-1.8343415260314942},"rotation":{"x":-0.08972974121570587,"y":0.8142144083976746,"z":-0.13082082569599152,"w":-0.5584679841995239},"size":5.499997138977051,"orthographic":false}